brand,country,sector,arctic_relevance,relevance_source_url,wikipedia_url,wikidata_id,official_website,logo_source_url,logo_license,logo_notes,atlas_object_id,atlas_layer,atlas_object_name,atlas_page_path,strip_status,display_label
Rosatom,Russia,State nuclear corporation / NSR infrastructure operator,Federal infrastructure operator of the Northern Sea Route; runs the nuclear icebreaker fleet through Atomflot,https://en.wikipedia.org/wiki/Rosatom,https://en.wikipedia.org/wiki/Rosatom,Q514140,https://www.rosatom.ru/en/,,,"No Commons logo on Wikidata; obtain from Rosatom press centre; Trademark of its owner; nominative use only, no endorsement implied",ARC-FAC-316,industry,Rosatom Western Transport & Logistics Hub — reoriented to Murmansk Sea Fishing Port (51 ha),/object/arc-fac-316,needs_logo,Arctic ecosystem - covered on the atlas
Atomflot,Russia,Icebreaker operator,Operates the world's only nuclear-powered icebreaker fleet escorting NSR traffic,https://en.wikipedia.org/wiki/Atomflot,https://en.wikipedia.org/wiki/Atomflot,Q558639,http://rosatomflot.ru,,,"Wikidata P154 points to a photo, not a logo; obtain from rosatomflot.ru media page; Trademark of its owner; nominative use only, no endorsement implied",ARC-ICE-001,icebreakers,NS Arktika,/object/arc-ice-001,needs_logo,Arctic ecosystem - covered on the atlas
Novatek,Russia,LNG / energy,Operator of Yamal LNG (Sabetta) and Arctic LNG 2 on the Gydan peninsula,https://en.wikipedia.org/wiki/Novatek,https://en.wikipedia.org/wiki/Novatek,Q251546,http://www.novatek.ru/,https://commons.wikimedia.org/wiki/File:Novatek_Logo_cyrillic.svg,Public domain,"Commons file is the Cyrillic wordmark; check for Latin-script version in press kit; Trademark of its owner; nominative use only, no endorsement implied",ARC-PORT-004,ports,Sabetta LNG Terminal,/object/arc-port-004,ready,Arctic ecosystem - covered on the atlas
Sovcomflot,Russia,Shipping (tankers / LNG carriers),Operates Arc7 ice-class LNG carriers and Arctic shuttle tankers,https://en.wikipedia.org/wiki/Sovcomflot,https://en.wikipedia.org/wiki/Sovcomflot,Q512482,http://www.sovcomflot.ru,https://commons.wikimedia.org/wiki/File:%D0%A1%D0%BE%D0%B2%D0%BA%D0%BE%D0%BC%D1%84%D0%BB%D0%BE%D1%82.png,Public domain,"Commons file is the Cyrillic wordmark; Trademark of its owner; nominative use only, no endorsement implied",ARC-TNK-001,tankers,Christophe de Margerie,/object/arc-tnk-001,ready,Arctic ecosystem - covered on the atlas
Gazprom Neft,Russia,Oil / energy,Operates the Prirazlomnoye offshore field (Pechora Sea) and the Novy Port Arctic oil terminal,https://en.wikipedia.org/wiki/Gazprom_Neft,https://en.wikipedia.org/wiki/Gazprom_Neft,Q1461799,https://www.gazprom-neft.ru/,https://commons.wikimedia.org/wiki/File:Gazprom_Neft_Logo.png,Public domain,"Wikidata P154 shows parent-group logo; use the Gazprom Neft file; Trademark of its owner; nominative use only, no endorsement implied",ARC-LANE-013,lanes,Ob Bay Route,/object/arc-lane-013,ready,Arctic ecosystem - covered on the atlas
Nornickel,Russia,Mining / metals / Arctic shipping,Mines at Norilsk and runs its own Arctic fleet and Dudinka port on the Yenisei,https://en.wikipedia.org/wiki/Norilsk_Nickel,https://en.wikipedia.org/wiki/Norilsk_Nickel,Q1284261,https://nornickel.ru/,https://commons.wikimedia.org/wiki/File:Norilsk_logo.svg,Public domain,"Trademark of its owner; nominative use only, no endorsement implied",ARC-PORT-003,ports,Dudinka Sea Port,/object/arc-port-003,ready,Arctic ecosystem - covered on the atlas
Murmansk Commercial Sea Port,Russia,Port,Largest ice-free Arctic port; western gateway of the NSR,https://en.wikipedia.org/wiki/Port_of_Murmansk,https://en.wikipedia.org/wiki/Port_of_Murmansk,,,,,"No Commons logo found; request from port operator; Trademark of its owner; nominative use only, no endorsement implied",ARC-PORT-001,ports,Murmansk Commercial Sea Port,/object/arc-port-001,needs_logo,Arctic ecosystem - covered on the atlas
Baltic Shipyard,Russia,Shipbuilding (nuclear icebreakers),Builder of the Project 22220 nuclear icebreakers (Arktika class),https://en.wikipedia.org/wiki/Baltic_Shipyard,https://en.wikipedia.org/wiki/Baltic_Shipyard,Q530989,http://www.bz.ru/,,,"No Commons logo found; obtain from bz.ru; Trademark of its owner; nominative use only, no endorsement implied",ARC-SHIP-001,shipyards,Baltic Shipyard,/object/arc-ship-001,needs_logo,Arctic ecosystem - covered on the atlas
Zvezda Shipbuilding Complex,Russia,Shipbuilding (ice-class),Builds Arc7 LNG carriers and the Leader-class nuclear icebreaker,https://en.wikipedia.org/wiki/Zvezda_Shipbuilding_Complex,https://en.wikipedia.org/wiki/Zvezda_Shipbuilding_Complex,Q120261208,,,,"No Commons logo found; Trademark of its owner; nominative use only, no endorsement implied",ARC-SHIP-002,shipyards,Zvezda Shipbuilding Complex,/object/arc-ship-002,needs_logo,Arctic ecosystem - covered on the atlas
COSCO Shipping,China,Shipping,"Most active Chinese carrier on the NSR; first Chinese merchant transit (Yong Sheng, 2013)",https://en.highnorthnews.com/business/chinese-shipping-company-cosco-to-send-record-number-of-ships-through-arctic/187913,https://en.wikipedia.org/wiki/COSCO_Shipping,Q26263180,http://www.coscoshipping.com,https://commons.wikimedia.org/wiki/File:COSCOCS-ver1.svg,Public domain,"Commons file is COSCO Shipping group mark (ver1); Trademark of its owner; nominative use only, no endorsement implied",ARC-LANE-003,lanes,Northern Sea Route - Full Transit,/object/arc-lane-003,ready,Arctic ecosystem - covered on the atlas
NewNew Shipping Line,China,Container shipping,Runs the Arctic Express No.1 container service China-Arkhangelsk and first container run to Murmansk via the NSR,https://gcaptain.com/chinas-newnew-shipping-line-pushes-deeper-into-arctic-with-first-murmansk-container-run/,,,,,,"No Commons logo; request from company; Trademark of its owner; nominative use only, no endorsement implied",ARC-PORT-132,ports,Murmansk NSR Container Transshipment Terminal (NewNew Shipping / dedicated container berth),/object/arc-port-132,needs_logo,Arctic ecosystem - covered on the atlas
Sea Legend Shipping,China,Container shipping,"Seasonal China-Europe Arctic Express (Ningbo-Felixstowe) via the NSR, eight sailings in the 2026 season",https://theloadstar.com/sea-legend-shipping-returns-to-arctic-route-with-china-europe-nsr-sailings/,,,https://www.sea-legend.com,,,"No Commons logo; website reachable but content not verified; Trademark of its owner; nominative use only, no endorsement implied",ARC-LANE-027,lanes,"NSR Scheduled China-Europe Container Service (Sea Legend weekly, 2026)",/object/arc-lane-027,needs_logo,Arctic ecosystem - covered on the atlas
CNPC,China,Oil & gas,Shareholder in Yamal LNG,https://en.wikipedia.org/wiki/Yamal_LNG,https://en.wikipedia.org/wiki/China_National_Petroleum_Corporation,Q588786,http://www.cnpc.com.cn/,,,"Commons ""CNPC Logo.png"" is a different organisation; obtain from cnpc.com.cn; Trademark of its owner; nominative use only, no endorsement implied",ARC-LANE-012,lanes,Yamal LNG Export Route,/object/arc-lane-012,needs_logo,Arctic ecosystem - covered on the atlas
Maersk,Denmark,Container shipping / logistics,"Ran the first container-ship transit of the NSR (Venta Maersk trial, 2018)",https://www.hafen-hamburg.de/en/press/news/maersk-concludes-trial-passage-of-northern-sea-route-36009/,https://en.wikipedia.org/wiki/Maersk,Q18224,https://www.maersk.com/,https://commons.wikimedia.org/wiki/File:Maersk_Group_Logo.svg,Public domain,"Trademark of its owner; nominative use only, no endorsement implied",ARC-LANE-017,lanes,Beaufort Sea Route,/object/arc-lane-017,ready,Arctic ecosystem - covered on the atlas
Royal Arctic Line,Greenland,Shipping (Greenland sealift),Holds the Greenland sea-cargo concession and operates Greenland ports,https://en.wikipedia.org/wiki/Royal_Arctic_Line,https://en.wikipedia.org/wiki/Royal_Arctic_Line,Q1451171,http://www.ral.gl/,,,"No Commons logo found; obtain from ral.gl; Trademark of its owner; nominative use only, no endorsement implied",ARC-PROG-680,programs,Royal Arctic Line A/S exclusive sea-cargo concession — state-owned supply lifeline for all maritime freight to/from and ,/object/arc-prog-680,needs_logo,Arctic ecosystem - covered on the atlas
Equinor,Norway,"Energy (oil, gas, LNG)",Operates Hammerfest LNG (Melkøya) and Johan Castberg in the Barents Sea,https://en.wikipedia.org/wiki/Equinor,https://en.wikipedia.org/wiki/Equinor,Q1776022,https://equinor.com,https://commons.wikimedia.org/wiki/File:Equinor.svg,Public domain,"Trademark of its owner; nominative use only, no endorsement implied",ARC-PORT-016,ports,Hammerfest LNG Terminal,/object/arc-port-016,ready,Arctic ecosystem - covered on the atlas
Vår Energi,Norway,Oil & gas,"Operates the Goliat field, the first oil field in the Norwegian Barents Sea",https://en.wikipedia.org/wiki/V%C3%A5r_Energi,https://en.wikipedia.org/wiki/V%C3%A5r_Energi,Q104177614,https://varenergi.no/,https://commons.wikimedia.org/wiki/File:Varenergi_logo.svg,Public domain,"Trademark of its owner; nominative use only, no endorsement implied",,,,,needs_atlas_object,Arctic ecosystem - covered on the atlas
Tschudi Shipping Company,Norway,Shipping / logistics,Kirkenes-based logistics group behind the KILA industrial & logistics area in Sør-Varanger,https://www.tschudishipping.com/,https://en.wikipedia.org/wiki/Tschudi_Group,Q7849471,http://www.tschudishipping.com/,https://commons.wikimedia.org/wiki/File:Tschudi_logo_n.jpg,CC BY-SA 4.0,"CC BY-SA 4.0: attribution + share-alike required; Trademark of its owner; nominative use only, no endorsement implied",ARC-FAC-314,industry,KILA — Kirkenes Industrial Logistics Area AS (Tschudi) — Sør-Varanger industrial & logistics hub,/object/arc-fac-314,ready,Arctic ecosystem - covered on the atlas
Port of Kirkenes (Kirkenes Havn),Norway,Port,Northernmost Norwegian deep-water port near the NSR western entrance,https://en.wikipedia.org/wiki/Kirkenes,https://en.wikipedia.org/wiki/Kirkenes,Q209423,https://www.kirkeneshavn.no,,,"No Commons logo; request from Kirkenes Havn KF; Trademark of its owner; nominative use only, no endorsement implied",ARC-PORT-015,ports,Kirkenes Port,/object/arc-port-015,needs_logo,Arctic ecosystem - covered on the atlas
Port of Narvik (Narvik Havn),Norway,Port / rail,Ice-free ore and intermodal port at the end of the Ofoten Line,https://en.wikipedia.org/wiki/Narvik,https://en.wikipedia.org/wiki/Narvik,Q59101,https://narvikhavn.no,,,"No Commons logo; request from Narvik Havn; Trademark of its owner; nominative use only, no endorsement implied",ARC-PORT-019,ports,Narvik Port,/object/arc-port-019,needs_logo,Arctic ecosystem - covered on the atlas
Hurtigruten,Norway,Passenger / expedition shipping,Coastal express along Arctic Norway and polar expedition cruising,https://en.wikipedia.org/wiki/Hurtigruten,https://en.wikipedia.org/wiki/Hurtigruten,Q1165613,https://www.hurtigruten.com,https://commons.wikimedia.org/wiki/File:Hurtigruten_AS_Logo.png,Public domain,"Trademark of its owner; nominative use only, no endorsement implied",ARC-LANE-008,lanes,Norwegian Coastal Route,/object/arc-lane-008,ready,Arctic ecosystem - covered on the atlas
Havila Kystruten,Norway,Passenger / coastal shipping,Operates the Bergen-Kirkenes coastal route above the Arctic Circle,https://en.wikipedia.org/wiki/Havila_Kystruten,https://en.wikipedia.org/wiki/Havila_Kystruten,Q61832341,http://www.havilakystruten.no/,,,"No Commons logo found; Trademark of its owner; nominative use only, no endorsement implied",ARC-LANE-026,lanes,Kristiansand-Kirkenes Coastal Freight Corridor (Nor Lines pilot),/object/arc-lane-026,needs_logo,Arctic ecosystem - covered on the atlas
Store Norske,Norway,Mining / Svalbard logistics,"Svalbard company providing energy, logistics and services in Longyearbyen",https://en.wikipedia.org/wiki/Store_Norske_Spitsbergen_Kulkompani,https://en.wikipedia.org/wiki/Store_Norske_Spitsbergen_Kulkompani,Q2062752,https://snsk.no,,,"No Commons logo found; Trademark of its owner; nominative use only, no endorsement implied",ARC-FAC-367,industry,"Svalbard Energi / Store Norske — Hotellneset new main diesel power station + tank facility (Longyearbyen, NOK 1.2B)",/object/arc-fac-367,needs_logo,Arctic ecosystem - covered on the atlas
DNV,Norway,Classification / maritime assurance,Classification society with ice-class and Polar Code services,https://www.dnv.com/maritime/polar/,https://en.wikipedia.org/wiki/DNV,Q18455539,https://www.dnv.com/,https://commons.wikimedia.org/wiki/File:DNV_GL_logo.svg,Public domain,"Commons file shows the pre-2021 ""DNV GL"" mark; use current DNV press-kit logo; Trademark of its owner; nominative use only, no endorsement implied",ARC-PROG-727,programs,NuProShip II — Research Council of Norway-funded nuclear merchant-shipping propulsion programme (NTNU / VARD / DNV / Eme,/object/arc-prog-727,ready,Arctic ecosystem - covered on the atlas
Skuld,Norway,Marine insurance (P&I),P&I club publishing an Arctic voyage checklist for members,https://www.skuld.com/4a250d/contentassets/48ef5005cf9c4b4083a0958e8f2ccaff/arctic-checklist-final_clean.pdf,,,https://www.skuld.com,,,"No Commons logo found; Trademark of its owner; nominative use only, no endorsement implied",,,,,needs_atlas_object,Arctic ecosystem - covered on the atlas
Kongsberg Gruppen,Norway,Maritime technology,"Maritime, space and surveillance technology including Arctic satellite ground stations",https://en.wikipedia.org/wiki/Kongsberg_Gruppen,https://en.wikipedia.org/wiki/Kongsberg_Gruppen,Q1770909,http://www.kongsberg.com/,https://commons.wikimedia.org/wiki/File:Kongsberg_logo.svg,Public domain,"Trademark of its owner; nominative use only, no endorsement implied",ARC-FAC-376,industry,"Andøya Space AS — Andøya Spaceport 'Bleikya' (Bleik, Andøy) + Andøya Rocket Range & Aerospace Harbour cluster",/object/arc-fac-376,ready,Arctic ecosystem - covered on the atlas
Arctia,Finland,Icebreaker operator,State-owned Finnish icebreaker operator; polar icebreaking charters,https://en.wikipedia.org/wiki/Arctia,https://en.wikipedia.org/wiki/Arctia,Q776603,https://www.arctia.fi,,,"No Commons logo found; Trademark of its owner; nominative use only, no endorsement implied",ARC-PROG-371,programs,"Arctia Oy — Canadian Arctic Icebreaking Service via Qikiqtaaluk Horizon Arctic Services (QHAS), 2026 season",/object/arc-prog-371,needs_logo,Arctic ecosystem - covered on the atlas
Aker Arctic,Finland,Ice-class ship design,Ice-model basin and designer of icebreakers and Arc7 LNG carriers,https://en.wikipedia.org/wiki/Aker_Arctic,https://en.wikipedia.org/wiki/Aker_Arctic,Q4700623,http://www.akerarctic.fi,https://commons.wikimedia.org/wiki/File:Aker_Arctic_logo.svg,Public domain,"Trademark of its owner; nominative use only, no endorsement implied",ARC-SHIP-014,shipyards,Aker Arctic Technology,/object/arc-ship-014,ready,Arctic ecosystem - covered on the atlas
Helsinki Shipyard,Finland,Shipbuilding (icebreakers),Long-time builder of polar icebreakers and ice-class vessels,https://en.wikipedia.org/wiki/Helsinki_Shipyard,https://en.wikipedia.org/wiki/Helsinki_Shipyard,Q65072048,https://helsinkishipyard.fi/,https://commons.wikimedia.org/wiki/File:Helsinki_Shipyard_logo.png,Public domain,"Trademark of its owner; nominative use only, no endorsement implied",ARC-SHIP-010,shipyards,Helsinki Shipyard,/object/arc-ship-010,ready,Arctic ecosystem - covered on the atlas
Wärtsilä,Finland,Marine engines / technology,Propulsion and power systems for ice-class vessels and icebreakers,https://en.wikipedia.org/wiki/W%C3%A4rtsil%C3%A4,https://en.wikipedia.org/wiki/W%C3%A4rtsil%C3%A4,Q327429,https://www.wartsila.com/,https://commons.wikimedia.org/wiki/File:W%C3%A4rtsil%C3%A4_logo.png,Public domain,"Trademark of its owner; nominative use only, no endorsement implied",,,,,needs_atlas_object,Arctic ecosystem - covered on the atlas
LKAB,Sweden,Mining (iron ore),Kiruna/Malmberget iron ore shipped via Narvik and Luleå,https://en.wikipedia.org/wiki/LKAB,https://en.wikipedia.org/wiki/LKAB,Q52579,http://www.lkab.com/,https://commons.wikimedia.org/wiki/File:LKAB_wordmark.svg,Public domain,"Trademark of its owner; nominative use only, no endorsement implied",ARC-PORT-104,ports,Narvik Port Dock 5 New Shiploader (LKAB SEK 500M within SEK 5B Narvik terminal programme through 2029; inaugurated 27 No,/object/arc-port-104,ready,Arctic ecosystem - covered on the atlas
Stegra,Sweden,Green steel / industry,"Green hydrogen and green-steel plant at Boden, Swedish Lapland",https://stegra.com/,,,https://stegra.com,,,"No Commons logo found; obtain from stegra.com media; Trademark of its owner; nominative use only, no endorsement implied",ARC-FAC-319,industry,Stegra (H2 Green Steel) Green Hydrogen & Green Iron Plant — Europe's largest 700 MW green hydrogen plant,/object/arc-fac-319,needs_logo,Arctic ecosystem - covered on the atlas
Eimskip,Iceland,Shipping / logistics,"North Atlantic carrier serving Iceland, Greenland, the Faroe Islands and Norway",https://en.wikipedia.org/wiki/Eimskip,https://en.wikipedia.org/wiki/Eimskip,Q22920326,http://eimskip.is,,,"No Commons logo found; Trademark of its owner; nominative use only, no endorsement implied",ARC-FAC-340,industry,Greenland Logistics Capability: Eimskip Greenland A/S — Nuuk port agency & freight-forwarding hub (ex-Royal Arctic Spedi,/object/arc-fac-340,needs_logo,Arctic ecosystem - covered on the atlas
Baffinland Iron Mines,Canada,Mining (iron ore),Mary River iron mine on Baffin Island (Milne Inlet / Steensby Inlet),https://en.wikipedia.org/wiki/Mary_River_Mine,https://en.wikipedia.org/wiki/Mary_River_Mine,Q4841326,https://www.baffinland.com,,,"No Commons logo found; Trademark of its owner; nominative use only, no endorsement implied",ARC-PORT-153,ports,Steensby Inlet Deep-Water Port (Baffinland Mary River Steensby Component),/object/arc-port-153,needs_logo,Arctic ecosystem - covered on the atlas
Fednav,Canada,Shipping (ice-class bulk),Largest Canadian Arctic ice-class dry-bulk operator,https://en.wikipedia.org/wiki/Fednav,https://en.wikipedia.org/wiki/Fednav,Q5441105,https://www.fednav.com/en,,,"No Commons logo found; Trademark of its owner; nominative use only, no endorsement implied",ARC-LANE-004,lanes,Northwest Passage - Southern Route,/object/arc-lane-004,needs_logo,Arctic ecosystem - covered on the atlas
Groupe Desgagnés,Canada,Shipping (Arctic sealift),Annual Eastern Arctic sealift resupply to Nunavut and Nunavik,https://en.wikipedia.org/wiki/Groupe_Desgagn%C3%A9s,https://en.wikipedia.org/wiki/Groupe_Desgagn%C3%A9s,Q24191008,https://desgagnes.com/en/,,,"No Commons logo found; Trademark of its owner; nominative use only, no endorsement implied",ARC-LANE-004,lanes,Northwest Passage - Southern Route,/object/arc-lane-004,needs_logo,Arctic ecosystem - covered on the atlas
Seaspan ULC,Canada,Shipbuilding,Vancouver Shipyards building Canadian Coast Guard polar vessels,https://en.wikipedia.org/wiki/Seaspan_ULC,https://en.wikipedia.org/wiki/Seaspan_ULC,Q2262344,https://www.seaspan.com/,https://commons.wikimedia.org/wiki/File:Seaspan.png,CC0,"Wikidata P154 is a ship photo; Commons ""Seaspan.png"" is the ULC logo (CC0); Trademark of its owner; nominative use only, no endorsement implied",ARC-SHIP-019,shipyards,Seaspan Vancouver Shipyards,/object/arc-ship-019,ready,Arctic ecosystem - covered on the atlas
ConocoPhillips,United States,Oil & gas,"Largest crude producer on Alaska's North Slope (Willow, Kuparuk, Alpine)",https://en.wikipedia.org/wiki/ConocoPhillips,https://en.wikipedia.org/wiki/ConocoPhillips,Q214763,https://www.conocophillips.com/,https://commons.wikimedia.org/wiki/File:ConocoPhillips_Logo.svg,Public domain,"Trademark of its owner; nominative use only, no endorsement implied",ARC-PORT-024,ports,Prudhoe Bay Oil Terminal,/object/arc-port-024,ready,Arctic ecosystem - covered on the atlas
Crowley,United States,Shipping / fuel logistics,Fuel and cargo logistics to Western Alaska and Arctic communities,https://en.wikipedia.org/wiki/Crowley_Maritime,https://en.wikipedia.org/wiki/Crowley_Maritime,Q5189276,https://www.crowley.com/,https://commons.wikimedia.org/wiki/File:Logo_of_Crowley.svg,Public domain,"Trademark of its owner; nominative use only, no endorsement implied",ARC-LANE-016,lanes,Alaska Coastal Route,/object/arc-lane-016,ready,Arctic ecosystem - covered on the atlas
Lynden,United States,Logistics,"Alaska Marine Lines seasonal barge service to Western Alaska, the Arctic coast and Prudhoe Bay",https://www.lynden.com/aml/solutions/western-alaska/,,,https://www.lynden.com,,,"No Commons logo found (Commons ""Lynden logo.svg"" is the city of Lynden, WA); Trademark of its owner; nominative use only, no endorsement implied",,,,,needs_atlas_object,Arctic ecosystem - covered on the atlas
Port of Alaska,United States,Port,Anchorage port handling most of Alaska's inbound cargo,https://en.wikipedia.org/wiki/Port_of_Alaska,https://en.wikipedia.org/wiki/Port_of_Alaska,Q3398440,http://www.portofalaska.com/,,,"No Commons logo found; Trademark of its owner; nominative use only, no endorsement implied",ARC-PORT-025,ports,Port of Anchorage,/object/arc-port-025,needs_logo,Arctic ecosystem - covered on the atlas
Samsung Heavy Industries,South Korea,Shipbuilding,Built the Arc7 shuttle-tanker series (Shturman class) for Arctic crude from Novy Port,https://www.ebn.co.kr/news/articleView.html?idxno=850196,https://en.wikipedia.org/wiki/Samsung_Heavy_Industries,Q489243,http://www.shi.samsung.co.kr,https://commons.wikimedia.org/wiki/File:Samsung_Heavy_Industries_logo_%28english%29.svg,Public domain,"Trademark of its owner; nominative use only, no endorsement implied",,,,,needs_atlas_object,Arctic ecosystem - covered on the atlas
Hanwha Ocean,South Korea,Shipbuilding,Built the Yamal LNG Arc7 LNG-carrier series (as DSME),https://en.wikipedia.org/wiki/Hanwha_Ocean,https://en.wikipedia.org/wiki/Hanwha_Ocean,Q497860,https://www.hanwhaocean.com,https://commons.wikimedia.org/wiki/File:Hanwha_Ocean_Logo.svg,Public domain,"Wikidata website still points to legacy dsme.co.kr; Trademark of its owner; nominative use only, no endorsement implied",ARC-SHIP-035,shipyards,Daewoo Shipbuilding (Arctic),/object/arc-ship-035,ready,Arctic ecosystem - covered on the atlas
PanStar,South Korea,Shipping,"First Korean government-backed container trial via the NSR (PanStar Acro, Busan-Rotterdam, 2026)",https://www.koreaherald.com/article/10857844,,,https://www.panstar.co.kr,,,"No Commons logo found (not Pan Ocean); Trademark of its owner; nominative use only, no endorsement implied",ARC-PROG-249,programs,PanStar First South Korean Arctic NSR Container Voyage 2026 (Asia-Europe Nordic Sea Route),/object/arc-prog-249,needs_logo,Arctic ecosystem - covered on the atlas
Mitsui O.S.K. Lines,Japan,Shipping (LNG carriers),Owns and operates Arc7 LNG carriers serving Yamal LNG,https://en.wikipedia.org/wiki/Mitsui_O.S.K._Lines,https://en.wikipedia.org/wiki/Mitsui_O.S.K._Lines,Q1778084,http://www.mol.co.jp/,https://commons.wikimedia.org/wiki/File:Mitsui_O.S.K._Lines_logo.svg,Public domain,"Trademark of its owner; nominative use only, no endorsement implied",ARC-TNK-015,tankers,Vladimir Tikhonov,/object/arc-tnk-015,ready,Arctic ecosystem - covered on the atlas
Dynagas,Greece,Shipping (LNG carriers),Its LNG carrier Ob River made the first LNG cargo voyage via the NSR (2012),https://www.bbc.com/news/science-environment-20454757,,,,,,"No Commons logo found; Trademark of its owner; nominative use only, no endorsement implied",ARC-TNK-010,tankers,Ob River,/object/arc-tnk-010,needs_logo,Arctic ecosystem - covered on the atlas
TotalEnergies,France,Energy,Shareholder in Yamal LNG,https://en.wikipedia.org/wiki/Yamal_LNG,https://en.wikipedia.org/wiki/TotalEnergies,Q154037,https://www.total.com/,https://commons.wikimedia.org/wiki/File:Logo_TotalEnergies_%282021%29.png,Public domain,"Wikidata P154 shows pre-2021 Total wordmark; use 2021 TotalEnergies file; Trademark of its owner; nominative use only, no endorsement implied",ARC-LANE-012,lanes,Yamal LNG Export Route,/object/arc-lane-012,ready,Arctic ecosystem - covered on the atlas
DP World,United Arab Emirates,Ports / logistics,Global port operator with announced NSR container-logistics cooperation,https://en.wikipedia.org/wiki/DP_World,https://en.wikipedia.org/wiki/DP_World,Q1154956,http://www.dpworld.com,https://commons.wikimedia.org/wiki/File:DP_World_2021_logo.svg,Public domain,"Trademark of its owner; nominative use only, no endorsement implied",ARC-PROG-396,programs,DP World × Rosatom — International Container Logistics NSR JV (Northern Sea Route linear container transit),/object/arc-prog-396,ready,Arctic ecosystem - covered on the atlas
Lloyd's Register,United Kingdom,Classification,Classification society with polar / ice-class rules,https://en.wikipedia.org/wiki/Lloyd%27s_Register,https://en.wikipedia.org/wiki/Lloyd%27s_Register,Q926030,http://www.lr.org/,https://commons.wikimedia.org/wiki/File:Lloyd%27s_Register_logo.svg,Public domain,"Trademark of its owner; nominative use only, no endorsement implied",ARC-PROG-728,programs,IAEA ATLAS — Atomic Technology Licensed for Applications at Sea (global regulatory-framework initiative for civil nuclea,/object/arc-prog-728,ready,Arctic ecosystem - covered on the atlas
Russian Maritime Register of Shipping,Russia,Classification,Defines the Arc4-Arc9 ice classes used on the NSR,https://en.wikipedia.org/wiki/Russian_Maritime_Register_of_Shipping,https://en.wikipedia.org/wiki/Russian_Maritime_Register_of_Shipping,Q4398102,https://rs-class.org/,,,"No Commons logo found; Trademark of its owner; nominative use only, no endorsement implied",,,,,needs_atlas_object,Arctic ecosystem - covered on the atlas
