program,region,type,published_amount,currency,eligibility,deadline,apply_url,arctic_relevance,notes,last_checked
Interreg Aurora 7th small-scale and 9th regular calls,Sweden Finland Norway Sápmi,EU Interreg grant,limited remaining programme funds; check Terms of Reference,EUR,Partners from at least 2 of SE/FI/NO with at least one EU Member State partner; Min Ansökan in English,2026-10-07 16:00 CET,https://www.interregaurora.eu/news/now-open-new-interreg-aurora-calls-for-crossborder-project-applications/,High,URGENT: closes in days. Not all priorities open. Contact interregaurora@lansstyrelsen.se,2026-10-05
Interreg NPA Youth Call,Northern Periphery and Arctic,EU Interreg grant,"max project budget 50000 / 100000 / 200000 for 6 / 12 / 18 months; NPA covers 65% (NO 50%)",EUR,Orgs working with or for youth up to 35; public or private,2026-10-02 12:00 CET closed,https://www.interreg-npa.eu/apply-for-funding/calls-for-projects/youth-call/,High,Closed 2026-10-02. Watch next NPA calls on interreg-npa.eu. Decisions expected Dec 2026.,2026-10-05
Interreg NPA 6th Call Main and Small-scale,Northern Periphery and Arctic,EU Interreg grant,unpublished per call ToR,EUR,NPA-area partnerships via Jems,2026-02-02 closed; 15 projects approved Jun 2026,https://www.interreg-npa.eu/apply-for-funding/calls-for-projects/,High,Watch for next main call. Clustering with Aurora was a 2025 joint action.,2026-10-05
Innovasjon Norge Næringsrettet tilskudd Arktis 2030,Norway Arctic (Troms Finnmark),business grant,depends on project,NOK,Primarily SMEs with Arctic projects; Arctic tech or innovative Arctic ecosystems,rolling,https://www.innovasjonnorge.no/tjeneste/naeringsrettet-tilskudd-arktis-2030,High,Offices in Tromsø Alta Vadsø. State-aid rules apply. Pair with Arctic Accelerator when eligible.,2026-10-05
Innovasjon Norge Startup Grant 2,Norway,startup grant,up to 1000000,NOK,Innovative startups with tech risk and international growth; 2026 pot cut 60%,rolling,https://www.innovasjonnorge.no/en/tjeneste/oppstartstilskudd-2,High,Covers up to 50% of approved costs; 12 months plus optional 6. Stricter 2026 prioritisation.,2026-10-05
Arctic Accelerator application deadline update,Norway North,accelerator,Program valued 350000 NOK; prizes 100000/50000/25000 NOK,NOK,Company under 5 years; Nord-Norge address or northern business activity; scalable tech,2026-12-01,https://www.arcticaccelerator.no/soknadsskjema,High,Updates prior row: apply by 1 Dec 2026; start Q1 2027. Contact accelerator@kupa.no,2026-10-05
Business Finland Sprint Grant,Finland (incl. North),startup grant,75000-100000,EUR,Small Finnish companies under 5 years seeking international growth; meet BF expert first,rolling from 2026-09-01,https://www.businessfinland.fi/en/services/funding/calls/2026/ongoing-sprint-grant-funding/,High,75% of eligible costs on 100k-133k projects. Continuous decisions.,2026-10-05
Business Finland Deep Tech Accelerator DTA 2026,Finland,deep-tech grant then loan,400000 phase 1 (75% of costs); three phases total,EUR,Research-based deep-tech startups under 5 years; max 6 awards in 2026 call,2026-08-16 closed; decisions by Jan 2027,https://www.businessfinland.fi/en/services/funding/calls/2026/dta-funding-call-2026/,Medium,Watch next DTA call. Phase 1 grant then later loan phase.,2026-10-05
Region Norrbotten project support,Sweden Norrbotten,regional project co-funding,unpublished,SEK,Orgs including AB; align with Norrbotten 2040 and smart specialisation (Arctic testbeds space energy),rolling,https://utvecklanorrbotten.se/projektstod/ansok-om-projektstod/,High,Submit early project idea to kontakt@norrbotten.se then Min ansökan. Smart-spec themes include Arctic testbeds.,2026-10-05
Tillväxtverket strong innovation environments in the North,Sweden Norrbotten Västerbotten,EU structural funds call,programme pot cited about 30000000,EUR,Universities public sector civil society; sparse geography innovation,open through 2029-09-30; check live call windows,https://tillvaxtverket.se/,High,Confirm current open call text on Tillväxtverket before applying. Focus: take solutions into use in sparse north.,2026-10-05
CanNor Northern Indigenous Economic Opportunities Program,Canada Yukon NWT Nunavut,federal contribution,varies by stream,CAD,Indigenous governments communities orgs and businesses in the three territories,rolling / EOI for 2026-27 fiscal,https://www.cannor.gc.ca/eng/1385486556734/1385486648146,High,Streams include EBD business development. Contact operations@cannor.gc.ca. Not for non-Indigenous ATL itself unless partnering.,2026-10-05
NVIDIA Inception,Global,startup membership plus partner credits,unpublished; partner cloud and hardware offers gated in portal,mixed,Incorporated under 10 years; working website; employed developer; no crypto or consulting shops,rolling,https://www.nvidia.com/en-us/startups/,High,Free no equity. Apply then request credits inside portal. Business email required.,2026-10-05
DigitalOcean Startups (replaces Hatch),Global,cloud credits,generally up to about 10000 per month for 12 months; GPU products excluded from core credits,USD,Early startups via DigitalOcean Startups application,rolling,https://www.digitalocean.com/startups,Medium,Hatch retired May 2026. Confirm current credit letter in onboarding email.,2026-10-05
Scaleway Startup Program,Europe France,cloud credits,"1000 EUR for 12 months founders; later stages 1500/month for 6 months or 3000/month for 12 months",EUR,European startups; founders and growth tracks,rolling,https://www.scaleway.com/en/startup-program/,Medium,EU data residency. Useful alternative to US hyperscalers for ATL edge workloads.,2026-10-05
Oracle for Startups,Global,cloud credits,"about 500 OCI credits plus 70% OCI discount; Free Tier separately 300 for 30 days",USD,Eligible startups via Oracle for Startups application,rolling,https://www.oracle.com/startups/,Low,Confirm live offer on Oracle startups page; secondary listings vary.,2026-10-05
Fireworks AI for Startups,Global,inference credits,unpublished; ABI partner tier lists 5000 for accepted teams,USD,AI startups; ABI members may get Org path,rolling,https://fireworks.ai/startups,Medium,Credits typically exclude reserved GPU. Cross-link Arctic Business Incubator AWS Activate path.,2026-10-05
